{"stats":{"minecraft:used":{"minecraft:diamond_sword":1},"minecraft:custom":{"minecraft:jump":14,"minecraft:time_since_rest":13161,"minecraft:damage_dealt":60,"minecraft:play_one_minute":13161,"minecraft:crouch_one_cm":216,"minecraft:leave_game":8,"minecraft:sprint_one_cm":1871,"minecraft:time_since_death":13161,"minecraft:walk_on_water_one_cm":4477,"minecraft:walk_one_cm":2020,"minecraft:sneak_time":466,"minecraft:climb_one_cm":1946,"minecraft:walk_under_water_one_cm":1191,"minecraft:mob_kills":1,"minecraft:fly_one_cm":462995},"minecraft:picked_up":{"minecraft:rotten_flesh":3},"minecraft:killed":{"minecraft:bat":1}},"DataVersion":2567}